Brand,Model,Hp,Max speed,City,Country,Type,Picture,Year,Price,Cylinders
BMW,Z8,400,250,Munchen,Germany,cabrio,bmw1.jpg,2000,95000,8
Lamborghini,Urus,600,250,Sant'Agata Bolognese,Italy,SUV,lam1.jpg,2017,150000,10
BMW,i8,228,227,Munchen,Germany,cabrio,bmw2.jpg,2014,142000,3
BMW,Z4,335,155,Munchen,Germany,cabrio,bmw3.jpg,2003,60000,6
Ferrari,California T,553,294,Maranello,Italy,cabrio GT,fer4.jpg,2009,250000,8
Lamborghini,Aventador,751,350,Sant'Agata Bolognese,Italy,cabrio,lam2.jpg,2011,475000,12
Lamborghini,Gallardo,350,350,Sant'Agata Bolognese,Italy,cabrio,lam3.jpg,2003,200000,8
Mercedes,S63 AMG,525,320,Stuttgart,Germany,coupé,merc5.jpg,2006,220000,8
BMW,X6,306,250,Munchen,Germany,sport coupé,bmw4.jpg,2008,80000,8
Range Rover,Evoque,240,250,Liverpool,UK,SUV,ran1.jpg,2008,35000,4
Mercedes,AMG GT,476,304,Stuttgart,Germany,coupé,merc6.jpg,2015,120000,8
Mercedes,SLS,571,317,Stuttgart,Germany,coupé,merc7.jpg,2012,260000,8
Mercedes,SLR,623,335,Stuttgart,Germany,coupé,merc8.jpg,2002,620000,8
Mercedes,SL 65 AMG,612,250,Stuttgart,Germany,sport cabrio,merc9.jpg,2004,320000,12
BMW,M3,431,250,Munchen,Germany,berline,bmw5.jpg,2014,75000,6
BMW,MX5,575,250,Munchen,Germany,Sport SUV,bmw6.jpg,2015,165000,8
Ferrari,458 Italia,570,325,Maranello,Italy,Sport-Coupé,fer5.jpg,2009,200000,8
Ferrari,488 GTB,670,330,Maranello,Italy,Sports car,fer6.jpg,2015,210000,8
Ferrari,LaFerrari FXXK,1050,360,Maranello,Italy,Track Day Car,fer1.jpg,2015,2500000,12
Mclaren,MP4-12c,1000,335,Woking,UK,Sports car,mcl3.jpg,2011,260000,16
Mclaren,P1,916,350,Woking,UK,Sports car,mcl4.jpg,2014,1000000,8
Porsche,918 Spyder,608,340,Stuttgart,Germany,Sports car,por4.jpg,2013,850000,8
Porsche,Macan GTS,360,256,Stuttgart,Germany,Sports SUV,por5.jpg,2013,75000,4
Porsche,Panamera Turbo,550,306,Stuttgart,Germany,Sedan,por6.jpg,2016,160000,6
Porsche,Cayenne Turbo S,570,289,Stuttgart,Germany,Sports SUV,por7.jpg,2016,175000,8
Mercedes,G 63 AMG,571,230,Stuttgart,Germany,Sports SUV,merc10.jpg,2012,150000,8
Mercedes,C 63S AMG,510,250,Stuttgart,Germany,Berline,merc11.jpg,2015,90000,8
Maserati ,Granturismo,405,285,Modena,Italy,Sports car,mas1.jpg,2007,135000,8
Maserati ,Levante,425,230,Modena,Italy,SUV,mas2.jpg,2016,75000,6
Tesla,Model S,320,210,Fremont,USA,Sedan,tes1.jpg,2014,80000,0
Audi,RS6 Avant,605,305,Ingolstadt,Germany,Sedan,aud1.jpg,2015,120000,8
Audi,A8,310,250,Ingolstadt,Germany,Berline,aud2.jpg,2013,90000,6
Audi,Q7,258,230,Ingolstadt,Germany,SUV,aud3.jpg,2015,85000,6
Audi,R8,610,330,Ingolstadt,Germany,Sports car,aud4.jpg,2015,190000,10
Audi,TT COUPE,230,240,Ingolstadt,Germany,coupé,aud5.jpg,2014,45000,4
Audi,A4 Avant,150,210,Ingolstadt,Germany,berline,aud6.jpg,2016,35000,4
Audi,A7 Sportback,326,250,Ingolstadt,Germany,Sedan,aud7.jpg,2015,75000,6
Audi,S8,605,305,Ingolstadt,Germany,Sedan,aud8.jpg,2015,155000,8
Mercedes,E Class,194,240,Stuttgart,Germany,berline,merc12.jpg,2016,55000,4
Mercedes,C Class,184,235,Stuttgart,Germany,sedan,merc13.jpg,2015,35000,4
Mercedes,GLC,204,222,Stuttgart,Germany,SUV,merc14.jpg,2015,50000,4
Mercedes,GLE,258,225,Stuttgart,Germany,SUV,merc15.jpg,2015,60000,6
Mercedes,G Class,422,210,Stuttgart,Germany,SUV,merc20.jpg,2015,110000,8
Mercedes,AMG GLE Coupé,585,250,Stuttgart,Germany,SUV,merc16.jpg,2015,130000,8
Mercedes,CLA,109,205,Stuttgart,Germany,Sedan,merc17.jpg,2013,30000,4
Mercedes,GLA,136,205,Stuttgart,Germany,SUV,merc18.jpg,2013,30000,4
Mercedes,GLS,258,222,Stuttgart,Germany,SUV,merc19.jpg,2015,70000,6
Audi,SQ5,340,250,Ingolstadt,Germany,SUV,aud9.jpg,2015,70000,6
Audi,A5 Sportback,245,250,Ingolstadt,Germany,Sedan,aud10.jpg,2012,50000,6
Mercedes,S Class,258,250,Stuttgart,Germany,Sedan,merc21.jpg,2016,90000,6
Mercedes,slk 55 amg,422,250,Stuttgart,Germany,Sport Cabrio ,merc22.jpg,2001,80000,8
Mercedes,SL 63 amg,585,250,Stuttgart,Germany,Sport Cabrio,merc23.jpg,2014,165000,8
Aston Martin,Rapide S,558,305,Gaydon,UK,Sports car,ast2.jpg,2013,200000,12
Aston Martin,Vanquish,576,317,Gaydon,UK,Sports car,ast3.jpg,2015,290000,12
Mercedes,CLS,258,250,Stuttgart,Germany,sport coupé,merc24.jpg,2014,65000,6
BMW,7 Serie,326,250,Munchen,Germany,Sport Sedan ,bmw6.jpg,2015,100000,6
BMW,6 Serie coupé,450,250,Munchen,Germany,sport coupé,bmw7.jpg,2015,100000,8
BMW,5 Serie Touring,245,250,Munchen,Germany,Sport stationwagen ,bmw8.jpg,2013,50000,4
BMW,M 4 coupé,431,250,Munchen,Germany,sport coupé,bmw9.jpg,2014,80000,6
BMW,3 Gran Turismo,184,230,Munchen,Germany,Sport Sedan ,bmw10.jpg,2016,40000,4
BMW,X5,258,230,Munchen,Germany,SUV,bmw11.jpg,2013,60000,6
BMW,X4,190,210,Munchen,Germany,SUV,bmw12.jpg,2014,50000,4
BMW,X3,184,210,Munchen,Germany,SUV,bmw13.jpg,2013,45000,4
BMW,X1,150,205,Munchen,Germany,SUV,bmw14.jpg,2015,30000,4
BMW,2 coupé,150,210,Munchen,Germany,sport coupé,bmw15.jpg,2015,30000,4
Range Rover,Dicovery Sport,240,200,Liverpool,UK,SUV,ran2.jpg,2015,40000,4
Range Rover,Sport SVR,550,260,Liverpool,UK,SUV,ran3.jpg,2014,125000,8
Jaguar,XF,240,250,Solihull,UK,Sport Sedan ,jag1.jpg,2015,50000,4
Jaguar,XJ,300,250,Solihull,UK,Sport Sedan ,jag2.jpg,2015,85000,6
Jaguar,F-Pace,340,250,Solihull,UK,SUV,jag3.jpg,2015,60000,6
Porsche,911 Carrera 4S,420,305,Stuttgart,Germany,sport coupé,por8.jpg,2015,125000,6
Porsche,911 Targa GTS,430,305,Stuttgart,Germany,sport coupé,por9.jpg,2015,140000,6
Porsche,911 Turbo S Cabriolet,580,330,Stuttgart,Germany,sport cabrio,por10.jpg,2016,220000,6
Porsche,GT3 RS,475,215,Stuttgart,Germany,sport coupé,por11.jpg,2013,140000,6
Porsche,Cayman GT4,385,295,Stuttgart,Germany,sport coupé,por12.jpg,2015,90000,6
Porsche,911 Carrera 4S cabriolet,370,290,Stuttgart,Germany,sport cabrio,por13.jpg,2015,120000,6
mercedes,B Klasse,136,210,Stuttgart,Germany,Van,Merc25.jpg,2011,30000,4
Porsche,Cayman GTS,340,285,Stuttgart,Germany,sport coupé,por14.jpg,2014,80000,6
Lamborghini,Huracan,610,325,Sant'Agata Bolognese,Italy,sport coupé,lam4.jpg,2014,205000,10
Lamborghini,Veneno,750,355,Sant'Agata Bolognese,Italy,sport coupé,lam5.jpg,2013,3000000,12
Lamborghini,Asterion,910,325,Sant'Agata Bolognese,Italy,sport coupe,lam6.jpg,2014,1500000,10
Aston Martin,DB9,450,300,Gaydon,UK,sport coupé,ast4.jpg,2005,160000,12
Aston Martin,One 77,700,350,Gaydon,UK,sport coupé,ast5.jpg,2009,2000000,12
Aston Martin,Virage,498,250,Gaydon,UK,sport coupé,ast6.jpg,2011,195000,12
Aston Martin,Vantage RS,600,305,Gaydon,UK,sport coupé,ast7.jpg,2009,185000,12
Aston Martin,DB7,500,300,Gaydon,UK,sport coupé,ast8.jpg,1995,150000,12
Ferrari,Laferrari ,963,350,Maranello,Italy,sport coupé,fer6.jpg,2013,1500000,12
Ferrari,FF,660,335,Maranello,Italy,Sport Sedan ,fer7.jpg,2012,265000,12
Ferrari,612 Scaglietti,540,320,Maranello,Italy,Sport coupé,fer8.jpg,2004,230000,12
Bugatti,Veyron ,1200,407,Molshiem,France,Sports car,bug1.jpg,2005,2500000,16
Bugatti,Chiron,1500,420,Molshiem,France,Sports car,bug2.jpg,2015,2400000,16
Pagani,Huayra,700,370,Modena,Italy,Sports car,pag1.jpg,2001,1500000,8
Pagani,Zonda ,558,339,Modena,Italy,Sports car,pag2.jpg,2003,500000,12
Rolls-Royce,Phanton,460,240,Goodwood,UK,Sport Sedan ,rol1.jpg,2013,500000,12
Bentley,Continental GT Speed,642,331,Crewe,UK,Sport coupé,ben1.jpg,2016,225000,12
Bentley,Mulsanne,512,296,Crewe,UK,Sport Sedan ,ben2.jpg,2010,300000,8
Maserati ,MC 12,900,350,Modena,France,Racing car,mas3.jpg,2004,1800000,12
Maserati ,Quattroporte,530,307,Modena,France,Sport Sedan ,mas4.jpg,2015,150000,8
Koeningsegg,Agera R,940,402,Helsingborg & Malmö,Sweden,Sports car,koe1.jpg,2015,1500000,8
